# ----------------------------------------,
# OurEnergy.app,
# Events Overview,
# 20190311-20190320,
# ----------------------------------------,
,
Date and time,Total Events
11.03.19 00:00,0
11.03.19 01:00,0
11.03.19 02:00,0
11.03.19 03:00,0
11.03.19 04:00,0
11.03.19 05:00,0
11.03.19 06:00,0
11.03.19 07:00,0
11.03.19 08:00,0
11.03.19 09:00,0
11.03.19 10:00,19
11.03.19 11:00,4
11.03.19 12:00,30
11.03.19 13:00,48
11.03.19 14:00,106
11.03.19 15:00,16
11.03.19 16:00,26
11.03.19 17:00,5
11.03.19 18:00,12
11.03.19 19:00,30
11.03.19 20:00,67
11.03.19 21:00,67
11.03.19 22:00,136
11.03.19 23:00,7
12.03.19 00:00,44
12.03.19 01:00,9
12.03.19 02:00,4
12.03.19 03:00,0
12.03.19 04:00,0
12.03.19 05:00,0
12.03.19 06:00,58
12.03.19 07:00,52
12.03.19 08:00,13
12.03.19 09:00,65
12.03.19 10:00,29
12.03.19 11:00,52
12.03.19 12:00,16
12.03.19 13:00,96
12.03.19 14:00,29
12.03.19 15:00,24
12.03.19 16:00,8
12.03.19 17:00,56
12.03.19 18:00,47
12.03.19 19:00,67
12.03.19 20:00,89
12.03.19 21:00,12
12.03.19 22:00,80
12.03.19 23:00,57
13.03.19 00:00,0
13.03.19 01:00,0
13.03.19 02:00,0
13.03.19 03:00,0
13.03.19 04:00,0
13.03.19 05:00,14
13.03.19 06:00,26
13.03.19 07:00,6
13.03.19 08:00,8
13.03.19 09:00,33
13.03.19 10:00,17
13.03.19 11:00,40
13.03.19 12:00,18
13.03.19 13:00,25
13.03.19 14:00,7
13.03.19 15:00,0
13.03.19 16:00,85
13.03.19 17:00,29
13.03.19 18:00,51
13.03.19 19:00,38
13.03.19 20:00,35
13.03.19 21:00,4
13.03.19 22:00,60
13.03.19 23:00,57
14.03.19 00:00,0
14.03.19 01:00,1
14.03.19 02:00,0
14.03.19 03:00,0
14.03.19 04:00,0
14.03.19 05:00,0
14.03.19 06:00,0
14.03.19 07:00,70
14.03.19 08:00,45
14.03.19 09:00,11
14.03.19 10:00,5
14.03.19 11:00,33
14.03.19 12:00,24
14.03.19 13:00,4
14.03.19 14:00,25
14.03.19 15:00,16
14.03.19 16:00,7
14.03.19 17:00,11
14.03.19 18:00,63
14.03.19 19:00,11
14.03.19 20:00,60
14.03.19 21:00,14
14.03.19 22:00,60
14.03.19 23:00,19
15.03.19 00:00,54
15.03.19 01:00,0
15.03.19 02:00,0
15.03.19 03:00,0
15.03.19 04:00,0
15.03.19 05:00,13
15.03.19 06:00,0
15.03.19 07:00,10
15.03.19 08:00,4
15.03.19 09:00,42
15.03.19 10:00,7
15.03.19 11:00,39
15.03.19 12:00,44
15.03.19 13:00,0
15.03.19 14:00,0
15.03.19 15:00,16
15.03.19 16:00,4
15.03.19 17:00,31
15.03.19 18:00,96
15.03.19 19:00,7
15.03.19 20:00,15
15.03.19 21:00,17
15.03.19 22:00,42
15.03.19 23:00,8
16.03.19 00:00,24
16.03.19 01:00,10
16.03.19 02:00,0
16.03.19 03:00,0
16.03.19 04:00,0
16.03.19 05:00,0
16.03.19 06:00,0
16.03.19 07:00,4
16.03.19 08:00,2
16.03.19 09:00,2
16.03.19 10:00,11
16.03.19 11:00,34
16.03.19 12:00,25
16.03.19 13:00,1
16.03.19 14:00,4
16.03.19 15:00,2
16.03.19 16:00,10
16.03.19 17:00,59
16.03.19 18:00,24
16.03.19 19:00,38
16.03.19 20:00,0
16.03.19 21:00,1
16.03.19 22:00,19
16.03.19 23:00,20
17.03.19 00:00,14
17.03.19 01:00,0
17.03.19 02:00,0
17.03.19 03:00,0
17.03.19 04:00,0
17.03.19 05:00,0
17.03.19 06:00,1
17.03.19 07:00,3
17.03.19 08:00,5
17.03.19 09:00,18
17.03.19 10:00,39
17.03.19 11:00,18
17.03.19 12:00,14
17.03.19 13:00,23
17.03.19 14:00,7
17.03.19 15:00,34
17.03.19 16:00,0
17.03.19 17:00,4
17.03.19 18:00,0
17.03.19 19:00,12
17.03.19 20:00,7
17.03.19 21:00,43
17.03.19 22:00,27
17.03.19 23:00,11
18.03.19 00:00,37
18.03.19 01:00,0
18.03.19 02:00,0
18.03.19 03:00,0
18.03.19 04:00,0
18.03.19 05:00,0
18.03.19 06:00,0
18.03.19 07:00,26
18.03.19 08:00,1
18.03.19 09:00,0
18.03.19 10:00,35
18.03.19 11:00,0
18.03.19 12:00,32
18.03.19 13:00,0
18.03.19 14:00,0
18.03.19 15:00,0
18.03.19 16:00,5
18.03.19 17:00,33
18.03.19 18:00,132
18.03.19 19:00,15
18.03.19 20:00,16
18.03.19 21:00,20
18.03.19 22:00,15
18.03.19 23:00,14
19.03.19 00:00,11
19.03.19 01:00,0
19.03.19 02:00,0
19.03.19 03:00,0
19.03.19 04:00,0
19.03.19 05:00,3
19.03.19 06:00,0
19.03.19 07:00,0
19.03.19 08:00,9
19.03.19 09:00,30
19.03.19 10:00,10
19.03.19 11:00,36
19.03.19 12:00,33
19.03.19 13:00,137
19.03.19 14:00,12
19.03.19 15:00,0
19.03.19 16:00,0
19.03.19 17:00,17
19.03.19 18:00,18
19.03.19 19:00,8
19.03.19 20:00,0
19.03.19 21:00,16
19.03.19 22:00,32
19.03.19 23:00,74
20.03.19 00:00,10
20.03.19 01:00,3
20.03.19 02:00,0
20.03.19 03:00,0
20.03.19 04:00,0
20.03.19 05:00,0
20.03.19 06:00,27
20.03.19 07:00,16
20.03.19 08:00,9
20.03.19 09:00,26
20.03.19 10:00,84
20.03.19 11:00,3
20.03.19 12:00,4
20.03.19 13:00,31
20.03.19 14:00,12
20.03.19 15:00,0
20.03.19 16:00,12
20.03.19 17:00,7
20.03.19 18:00,16
20.03.19 19:00,19
20.03.19 20:00,10
20.03.19 21:00,46
20.03.19 22:00,19
20.03.19 23:00,23